{
  "#comment": [
  "def of sin param : (a * t + b) * sin((t + phase) * f * 2 * pi)",
  "Format of each list",
  "```",
  "#alpha",
  "a, b, phase, f  #sin 1",
  "a, b, phase, f  #sin 2",
  "a, b, phase, f  #sin 3",
  "cst",
  "#beta",
  "a, b, phase, f, cst",
  "```",
  "really ugly way to comment in json, sorry."],
  "prior": [
    0, 0, 3.141592653589793, 15,
    0, 0, 0.39269908169872414, 45,
    0, 0, 0, 5000,
    0.0,
    0, 0, 0, 0, 0
  ],
  "mins": [
    -50, 0, -3.141592653589793, 0,
    -50, 0, -3.141592653589793, 0,
    -50, 0, -3.141592653589793, 0,
    -5,
    -50, 0, -3.141592653589793, 0, -3
  ],
  "maxs": [
    50, 4, 3.141592653589793, 40000,
    50, 4, 3.141592653589793, 40000,
    50, 5, 3.141592653589793, 40000,
    10,
    50, 3, 3.141592653589793, 1000, 2
  ],
  "dev": [
    0.1,   0.1,   0.05,  1,
    0.05,  0.05,  0.05,  1,
    0.001, 0.001, 0.005, 100,
    0.2,
    0.05, 0.01, 0.05, 1, 0.005
  ]
}
