{
    "dev": [
        0.01,
        0.01,
        0.05,
        10,
        0.005,
        0.005,
        0.05,
        10,
        0.0005,
        0.0005,
        0.05,
        100,
        0.05,
        0.02,
        0.02,
        0.05,
        10,
        0.005
    ],
    "name": "seed0+big_ba+on_alpha_silence_beta+prior_amp_entropy+slow_dev+20_replay+10_conc+1_day_conc",
    "dlm": "optimise_gesture_padded",
    "nb_pad": 3,
    "days": 50,
    "maxs": [
        50,
        4,
        3.141592653589793,
        40000,
        50,
        4,
        3.141592653589793,
        40000,
        50,
        5,
        3.141592653589793,
        40000,
        10,
        50,
        3,
        3.141592653589793,
        1000,
        2
    ],
    "prior": [
        0,
        0,
        3.141592653589793,
        15,
        0,
        0,
        0.39269908169872414,
        45,
        0,
        0,
        0,
        5000,
        1,
        0,
        0,
        0,
        0,
        0.15
    ],
    "coefs": {
        "am": 1,
        "goodness": 1,
        "fm": 1,
        "entropy": 5,
        "amplitude": 5,
        "pitch": 1
    },
    "comp": "linalg",
    "concurrent": 1,
    "mins": [
        -50,
        0,
        -3.141592653589793,
        0,
        -50,
        0,
        -3.141592653589793,
        0,
        -50,
        0,
        -3.141592653589793,
        0,
        -5,
        -50,
        0,
        -3.141592653589793,
        0,
        -3
    ],
    "night_concurrent": 10,
    "replay": 20,
    "seed": 0,
    "train_per_day": 2,
    "iter_per_train": 20,
    "tutor": "../data/ba_example.wav",
    "nlm": "mutate_microbial_diversity_uniform"
}
