{
    "coefs": {
        "pitch": 1,
        "entropy": 5,
        "amplitude": 5,
        "am": 1,
        "goodness": 1,
        "fm": 1
    },
    "dev": [
        0.01,
        0.01,
        0.05,
        10,
        0.005,
        0.005,
        0.05,
        10,
        0.0005,
        0.0005,
        0.05,
        100,
        0.05,
        0.02,
        0.02,
        0.05,
        10,
        0.005
    ],
    "comp": "linalg",
    "dlm": "optimise_gesture_padded",
    "nb_pad": 2,
    "replay": 200,
    "train_per_day": 100,
    "nlm": "mutate_microbial_extended_uniform",
    "mins": [
        -50,
        0,
        -3.141592653589793,
        0,
        -50,
        0,
        -3.141592653589793,
        0,
        -50,
        0,
        -3.141592653589793,
        0,
        -5,
        -50,
        0,
        -3.141592653589793,
        0,
        -3
    ],
    "tutor": "../data/ba_example.wav",
    "prior": [
        0,
        0,
        3.141592653589793,
        15,
        0,
        0,
        0.39269908169872414,
        45,
        0,
        0,
        0,
        5000,
        1,
        0,
        0,
        0,
        0,
        0.15
    ],
    "days": 50,
    "iter_per_train": 20,
    "seed": 0,
    "night_concurrent": 100,
    "concurrent": 10,
    "name": "microbial_extended_diversity_test",
    "maxs": [
        50,
        4,
        3.141592653589793,
        40000,
        50,
        4,
        3.141592653589793,
        40000,
        50,
        5,
        3.141592653589793,
        40000,
        10,
        50,
        3,
        3.141592653589793,
        1000,
        2
    ]
}
