{
    "days": 50,
    "name": "big_ba",
    "tutor": "../data/boari_short.wav",
    "train_per_day": 1,
    "iter_per_train": 20,
    "comp": "linalg",
    "nlm": "mutate_microbial_diversity_uniform",
    "dlm": "optimise_gesture_whole",
  "mins": [
    -50, 0, -3.141592653589793, 0,
    -50, 0, -3.141592653589793, 0,
    -50, 0, -3.141592653589793, 0,
    -5,
    -50, 0, -3.141592653589793, 0, -3
  ],
  "maxs": [
    50, 4, 3.141592653589793, 40000,
    50, 4, 3.141592653589793, 40000,
    50, 5, 3.141592653589793, 40000,
    10,
    50, 3, 3.141592653589793, 1000, 2
  ],
  "replays": 500,
  "prior": [
  0, 0, 3.141592653589793, 15,
  0, 0, 0.39269908169872414, 45,
  0, 0, 0, 5000,
  1,
  0, 0, 0, 0, 0.15
  ],
 "coefs": {"fm": 1, "am": 1, "entropy": 5, "goodness": 1,
               "amplitude": 5, "pitch": 1},
 "dev": [
    0.01,   0.01,   0.05,  1,
    0.005,  0.005,  0.005,  1,
    0.0005, 0.0005, 0.05, 10,
    0.05,
    0.02, 0.02, 0.05, 1, 0.005
  ],
"replay": 500,
"diversity_threshold": 500,
"bloat_weight": 0.9
}
