{
  "mins": [
    -50, 0, -3.141592653589793, 0,
    -50, 0, -3.141592653589793, 0,
    -50, 0, -3.141592653589793, 0,
    -5,
    -50, 0, -3.141592653589793, 0, -3
  ],
  "maxs": [
    50, 4, 3.141592653589793, 40000,
    50, 4, 3.141592653589793, 40000,
    50, 5, 3.141592653589793, 40000,
    10,
    50, 3, 3.141592653589793, 1000, 2
  ]
}
